{
  "win_rates": {
    "refine_x1": {
      "wins": 12,
      "losses": 2,
      "ties": 1,
      "total": 15,
      "win_rate": 0.8,
      "loss_rate": 0.13333333333333333,
      "tie_rate": 0.06666666666666667
    },
    "refine_x2": {
      "wins": 13,
      "losses": 1,
      "ties": 1,
      "total": 15,
      "win_rate": 0.8666666666666667,
      "loss_rate": 0.06666666666666667,
      "tie_rate": 0.06666666666666667
    },
    "refine_x3": {
      "wins": 12,
      "losses": 2,
      "ties": 1,
      "total": 15,
      "win_rate": 0.8,
      "loss_rate": 0.13333333333333333,
      "tie_rate": 0.06666666666666667
    },
    "best_of_4": {
      "wins": 9,
      "losses": 6,
      "ties": 0,
      "total": 15,
      "win_rate": 0.6,
      "loss_rate": 0.4,
      "tie_rate": 0.0
    },
    "best_of_4_refine": {
      "wins": 13,
      "losses": 1,
      "ties": 1,
      "total": 15,
      "win_rate": 0.8666666666666667,
      "loss_rate": 0.06666666666666667,
      "tie_rate": 0.06666666666666667
    }
  },
  "test_results": {
    "refine_x1": {
      "n": 15,
      "mean_diff": 0.6555555555555553,
      "std_diff": 0.3247030932489433,
      "wilcoxon_stat": 1.0,
      "p_value": 0.0009569830473722278,
      "effect_size_d": 2.0189384369460077,
      "ci_95_lower": 0.4777777777777777,
      "ci_95_upper": 0.8111111111111107,
      "cond_mean": 4.922222222222222,
      "base_mean": 4.266666666666667
    },
    "refine_x2": {
      "n": 15,
      "mean_diff": 0.6444444444444443,
      "std_diff": 0.3488959659579461,
      "wilcoxon_stat": 3.0,
      "p_value": 0.0008954001448399699,
      "effect_size_d": 1.8470962903655983,
      "ci_95_lower": 0.45527777777777767,
      "ci_95_upper": 0.7999999999999995,
      "cond_mean": 4.955555555555555,
      "base_mean": 4.311111111111111
    },
    "refine_x3": {
      "n": 15,
      "mean_diff": 0.5999999999999998,
      "std_diff": 0.35381518506868115,
      "wilcoxon_stat": 2.0,
      "p_value": 0.0012005744527844207,
      "effect_size_d": 1.6958005911575849,
      "ci_95_lower": 0.4111111111111111,
      "ci_95_upper": 0.7555555555555552,
      "cond_mean": 4.9111111111111105,
      "base_mean": 4.311111111111112
    },
    "best_of_4": {
      "n": 15,
      "mean_diff": 0.022222222222222202,
      "std_diff": 0.6112121128655583,
      "wilcoxon_stat": 55.5,
      "p_value": 0.7975126401045061,
      "effect_size_d": 0.036357627335029896,
      "ci_95_lower": -0.2999999999999998,
      "ci_95_upper": 0.33333333333333304,
      "cond_mean": 4.6,
      "base_mean": 4.577777777777778
    },
    "best_of_4_refine": {
      "n": 15,
      "mean_diff": 0.5444444444444444,
      "std_diff": 0.357287448684745,
      "wilcoxon_stat": 3.5,
      "p_value": 0.0012556007810022244,
      "effect_size_d": 1.5238275132492511,
      "ci_95_lower": 0.35555555555555557,
      "ci_95_upper": 0.7222222222222221,
      "cond_mean": 4.8999999999999995,
      "base_mean": 4.355555555555555
    }
  },
  "text_metrics": {
    "baseline": {
      "word_count": {
        "mean": 518.1333333333333,
        "std": 38.99891736389044,
        "median": 511.0
      },
      "char_count": {
        "mean": 3021.5333333333333,
        "std": 290.46970390883956,
        "median": 3113.0
      },
      "unique_words": {
        "mean": 299.46666666666664,
        "std": 24.794802322709135,
        "median": 308.0
      },
      "vocab_richness": {
        "mean": 0.5780644356178739,
        "std": 0.02526977404214289,
        "median": 0.5753424657534246
      },
      "distinct_1": {
        "mean": 0.5780644356178739,
        "std": 0.02526977404214289,
        "median": 0.5753424657534246
      },
      "distinct_2": {
        "mean": 0.9418529834709983,
        "std": 0.01755251297682703,
        "median": 0.9396092362344582
      },
      "distinct_3": {
        "mean": 0.9923338794780286,
        "std": 0.004271867566865609,
        "median": 0.991304347826087
      },
      "avg_word_length": {
        "mean": 4.785682256673392,
        "std": 0.20930782454185443,
        "median": 4.795620437956204
      },
      "avg_sentence_length": {
        "mean": 9.793485606161132,
        "std": 1.7911624347722426,
        "median": 9.76923076923077
      }
    },
    "refine_x1": {
      "word_count": {
        "mean": 574.8,
        "std": 18.836843330735295,
        "median": 575.0
      },
      "char_count": {
        "mean": 3426.3333333333335,
        "std": 126.55152661619255,
        "median": 3472.0
      },
      "unique_words": {
        "mean": 342.26666666666665,
        "std": 9.080871225946453,
        "median": 342.0
      },
      "vocab_richness": {
        "mean": 0.5958744286192685,
        "std": 0.019148815322373277,
        "median": 0.6013628620102215
      },
      "distinct_1": {
        "mean": 0.5958744286192685,
        "std": 0.019148815322373277,
        "median": 0.6013628620102215
      },
      "distinct_2": {
        "mean": 0.9523110914237836,
        "std": 0.013522646830188858,
        "median": 0.9559322033898305
      },
      "distinct_3": {
        "mean": 0.9953362050619835,
        "std": 0.004000013626252728,
        "median": 0.9964285714285714
      },
      "avg_word_length": {
        "mean": 4.932954310381407,
        "std": 0.20058268359344802,
        "median": 4.915254237288136
      },
      "avg_sentence_length": {
        "mean": 9.729115121306277,
        "std": 2.2629750369592103,
        "median": 9.733333333333333
      }
    },
    "refine_x2": {
      "word_count": {
        "mean": 577.2666666666667,
        "std": 23.580971613193174,
        "median": 589.0
      },
      "char_count": {
        "mean": 3441.0,
        "std": 104.11724160771836,
        "median": 3455.0
      },
      "unique_words": {
        "mean": 345.93333333333334,
        "std": 15.22921169623986,
        "median": 347.0
      },
      "vocab_richness": {
        "mean": 0.5999772485183746,
        "std": 0.030192257183346297,
        "median": 0.6049382716049383
      },
      "distinct_1": {
        "mean": 0.5999772485183746,
        "std": 0.030192257183346297,
        "median": 0.6049382716049383
      },
      "distinct_2": {
        "mean": 0.9602795830550055,
        "std": 0.01024851919320626,
        "median": 0.9611307420494699
      },
      "distinct_3": {
        "mean": 0.9980196971619166,
        "std": 0.002219494812947701,
        "median": 0.9983108108108109
      },
      "avg_word_length": {
        "mean": 4.944303884688668,
        "std": 0.22982403704356744,
        "median": 4.920203735144312
      },
      "avg_sentence_length": {
        "mean": 10.234005133983528,
        "std": 1.9372953434982967,
        "median": 10.145454545454545
      }
    },
    "refine_x3": {
      "word_count": {
        "mean": 570.0666666666667,
        "std": 17.983202038445643,
        "median": 565.0
      },
      "char_count": {
        "mean": 3423.8,
        "std": 92.23751948095742,
        "median": 3438.0
      },
      "unique_words": {
        "mean": 350.2,
        "std": 11.611488563774529,
        "median": 352.0
      },
      "vocab_richness": {
        "mean": 0.6150769817564632,
        "std": 0.030844467219119983,
        "median": 0.6236162361623616
      },
      "distinct_1": {
        "mean": 0.6150769817564632,
        "std": 0.030844467219119983,
        "median": 0.6236162361623616
      },
      "distinct_2": {
        "mean": 0.9609089830083059,
        "std": 0.01213127623273984,
        "median": 0.9623287671232876
      },
      "distinct_3": {
        "mean": 0.9970973965336577,
        "std": 0.002296180081513239,
        "median": 0.9981785063752276
      },
      "avg_word_length": {
        "mean": 4.98417811879207,
        "std": 0.1908499013379489,
        "median": 5.00886524822695
      },
      "avg_sentence_length": {
        "mean": 10.259532787030007,
        "std": 2.3091986463398655,
        "median": 9.694915254237289
      }
    },